Date,Apple,RIM,Nokia,Sony,Samsung,Nintendo,Google,LG,Motorola,Palm,HTC,Other,Unknown,Huawei,ZTE,Acer,Alcatel,Vodafone,Dell,Xiaomi,Lenovo,HP,Asus,OnePlus,Micromax,Oppo,Meizu,T-Mobile,BBK,Coolpad,General Mobile,Symphony,Mobicel,Lava,AIS,QMobile,LeEco,Spice,BlackBerry,Infinix,Gionee,Optus,Itel,Smartisan,Tecno,Xolo,Vivo,Realme,Honor,TCL,Razer,Sum,Keep the Row
2010-04,58.64,28.3,9.94,1.84,0.6,0.26,0.21,0.05,0.06,0.05,0.02,0.02,0.0,0.0,0.0,0.0,0.0,0.0,0.0,0.0,0.0,0.0,0.0,0.0,0.0,0.0,0.0,0.0,0.0,0.0,0.0,0.0,0.0,0.0,0.0,0.0,0.0,0.0,0.0,0.0,0.0,0.0,0.0,0.0,0.0,0.0,0.0,0.0,0.0,0.0,0.0,99.99000000000001,True
2010-05,59.47,27.61,9.32,1.88,1.09,0.28,0.22,0.04,0.01,0.04,0.01,0.01,0.0,0.0,0.0,0.0,0.0,0.0,0.0,0.0,0.0,0.0,0.0,0.0,0.0,0.0,0.0,0.0,0.0,0.0,0.0,0.0,0.0,0.0,0.0,0.0,0.0,0.0,0.0,0.0,0.0,0.0,0.0,0.0,0.0,0.0,0.0,0.0,0.0,0.0,0.0,99.97999999999999,True
2010-06,55.0,31.46,9.66,2.16,1.17,0.25,0.21,0.05,0.0,0.03,0.01,0.01,0.0,0.0,0.0,0.0,0.0,0.0,0.0,0.0,0.0,0.0,0.0,0.0,0.0,0.0,0.0,0.0,0.0,0.0,0.0,0.0,0.0,0.0,0.0,0.0,0.0,0.0,0.0,0.0,0.0,0.0,0.0,0.0,0.0,0.0,0.0,0.0,0.0,0.0,0.0,100.01000000000002,True
2010-07,52.5,35.45,8.58,1.93,0.92,0.2,0.22,0.12,0.04,0.03,0.01,0.01,0.0,0.0,0.0,0.0,0.0,0.0,0.0,0.0,0.0,0.0,0.0,0.0,0.0,0.0,0.0,0.0,0.0,0.0,0.0,0.0,0.0,0.0,0.0,0.0,0.0,0.0,0.0,0.0,0.0,0.0,0.0,0.0,0.0,0.0,0.0,0.0,0.0,0.0,0.0,100.01,True
2010-08,51.21,37.65,7.85,1.82,0.87,0.16,0.21,0.15,0.04,0.02,0.01,0.01,0.0,0.0,0.0,0.0,0.0,0.0,0.0,0.0,0.0,0.0,0.0,0.0,0.0,0.0,0.0,0.0,0.0,0.0,0.0,0.0,0.0,0.0,0.0,0.0,0.0,0.0,0.0,0.0,0.0,0.0,0.0,0.0,0.0,0.0,0.0,0.0,0.0,0.0,0.0,100.0,True
2010-09,74.3,9.57,11.52,2.68,1.26,0.22,0.22,0.14,0.05,0.03,0.01,0.01,0.0,0.0,0.0,0.0,0.0,0.0,0.0,0.0,0.0,0.0,0.0,0.0,0.0,0.0,0.0,0.0,0.0,0.0,0.0,0.0,0.0,0.0,0.0,0.0,0.0,0.0,0.0,0.0,0.0,0.0,0.0,0.0,0.0,0.0,0.0,0.0,0.0,0.0,0.0,100.00999999999999,True
2010-10,78.02,6.7,10.63,2.63,1.31,0.23,0.23,0.18,0.04,0.01,0.01,0.01,0.0,0.0,0.0,0.0,0.0,0.0,0.0,0.0,0.0,0.0,0.0,0.0,0.0,0.0,0.0,0.0,0.0,0.0,0.0,0.0,0.0,0.0,0.0,0.0,0.0,0.0,0.0,0.0,0.0,0.0,0.0,0.0,0.0,0.0,0.0,0.0,0.0,0.0,0.0,100.0,True
2010-11,78.55,6.24,10.41,2.56,1.55,0.24,0.21,0.15,0.06,0.01,0.01,0.0,0.0,0.0,0.0,0.0,0.0,0.0,0.0,0.0,0.0,0.0,0.0,0.0,0.0,0.0,0.0,0.0,0.0,0.0,0.0,0.0,0.0,0.0,0.0,0.0,0.0,0.0,0.0,0.0,0.0,0.0,0.0,0.0,0.0,0.0,0.0,0.0,0.0,0.0,0.0,99.99000000000001,True
2010-12,79.9,4.46,10.35,2.59,2.07,0.27,0.2,0.1,0.03,0.01,0.01,0.01,0.0,0.0,0.0,0.0,0.0,0.0,0.0,0.0,0.0,0.0,0.0,0.0,0.0,0.0,0.0,0.0,0.0,0.0,0.0,0.0,0.0,0.0,0.0,0.0,0.0,0.0,0.0,0.0,0.0,0.0,0.0,0.0,0.0,0.0,0.0,0.0,0.0,0.0,0.0,100.0,True
2011-01,81.94,2.93,10.23,2.31,1.76,0.28,0.16,0.09,0.03,0.0,0.26,0.01,0.0,0.0,0.0,0.0,0.0,0.0,0.0,0.0,0.0,0.0,0.0,0.0,0.0,0.0,0.0,0.0,0.0,0.0,0.0,0.0,0.0,0.0,0.0,0.0,0.0,0.0,0.0,0.0,0.0,0.0,0.0,0.0,0.0,0.0,0.0,0.0,0.0,0.0,0.0,100.00000000000001,True
2011-02,82.98,3.01,9.19,2.23,1.62,0.2,0.16,0.09,0.03,0.0,0.47,0.01,0.0,0.0,0.0,0.0,0.0,0.0,0.0,0.0,0.0,0.0,0.0,0.0,0.0,0.0,0.0,0.0,0.0,0.0,0.0,0.0,0.0,0.0,0.0,0.0,0.0,0.0,0.0,0.0,0.0,0.0,0.0,0.0,0.0,0.0,0.0,0.0,0.0,0.0,0.0,99.99000000000001,True
2011-03,83.31,3.34,8.52,2.21,1.63,0.17,0.15,0.13,0.02,0.0,0.52,0.01,0.0,0.0,0.0,0.0,0.0,0.0,0.0,0.0,0.0,0.0,0.0,0.0,0.0,0.0,0.0,0.0,0.0,0.0,0.0,0.0,0.0,0.0,0.0,0.0,0.0,0.0,0.0,0.0,0.0,0.0,0.0,0.0,0.0,0.0,0.0,0.0,0.0,0.0,0.0,100.01,True
2011-04,83.99,2.76,8.38,2.16,1.7,0.14,0.13,0.12,0.02,0.0,0.59,0.01,0.0,0.0,0.0,0.0,0.0,0.0,0.0,0.0,0.0,0.0,0.0,0.0,0.0,0.0,0.0,0.0,0.0,0.0,0.0,0.0,0.0,0.0,0.0,0.0,0.0,0.0,0.0,0.0,0.0,0.0,0.0,0.0,0.0,0.0,0.0,0.0,0.0,0.0,0.0,100.0,True
2011-05,84.3,2.3,8.44,2.12,1.85,0.13,0.12,0.08,0.02,0.0,0.63,0.01,0.0,0.0,0.0,0.0,0.0,0.0,0.0,0.0,0.0,0.0,0.0,0.0,0.0,0.0,0.0,0.0,0.0,0.0,0.0,0.0,0.0,0.0,0.0,0.0,0.0,0.0,0.0,0.0,0.0,0.0,0.0,0.0,0.0,0.0,0.0,0.0,0.0,0.0,0.0,100.0,True
2011-06,82.98,3.47,8.11,2.07,2.38,0.12,0.13,0.07,0.02,0.0,0.65,0.01,0.0,0.0,0.0,0.0,0.0,0.0,0.0,0.0,0.0,0.0,0.0,0.0,0.0,0.0,0.0,0.0,0.0,0.0,0.0,0.0,0.0,0.0,0.0,0.0,0.0,0.0,0.0,0.0,0.0,0.0,0.0,0.0,0.0,0.0,0.0,0.0,0.0,0.0,0.0,100.01,True
2011-07,83.81,0.82,8.12,2.31,3.58,0.13,0.34,0.07,0.03,0.0,0.77,0.01,0.0,0.0,0.0,0.0,0.0,0.0,0.0,0.0,0.0,0.0,0.0,0.0,0.0,0.0,0.0,0.0,0.0,0.0,0.0,0.0,0.0,0.0,0.0,0.0,0.0,0.0,0.0,0.0,0.0,0.0,0.0,0.0,0.0,0.0,0.0,0.0,0.0,0.0,0.0,99.99,True
2011-08,81.88,0.71,7.88,2.43,5.18,0.1,0.87,0.07,0.02,0.0,0.85,0.01,0.0,0.0,0.0,0.0,0.0,0.0,0.0,0.0,0.0,0.0,0.0,0.0,0.0,0.0,0.0,0.0,0.0,0.0,0.0,0.0,0.0,0.0,0.0,0.0,0.0,0.0,0.0,0.0,0.0,0.0,0.0,0.0,0.0,0.0,0.0,0.0,0.0,0.0,0.0,99.99999999999999,True
2011-09,81.98,0.66,6.7,2.33,6.12,0.09,0.81,0.06,0.02,0.0,1.23,0.01,0.0,0.0,0.0,0.0,0.0,0.0,0.0,0.0,0.0,0.0,0.0,0.0,0.0,0.0,0.0,0.0,0.0,0.0,0.0,0.0,0.0,0.0,0.0,0.0,0.0,0.0,0.0,0.0,0.0,0.0,0.0,0.0,0.0,0.0,0.0,0.0,0.0,0.0,0.0,100.00999999999999,True
2011-10,76.8,0.54,5.32,1.94,6.56,0.11,0.71,0.73,0.01,0.0,7.26,0.01,0.0,0.0,0.0,0.0,0.0,0.0,0.0,0.0,0.0,0.0,0.0,0.0,0.0,0.0,0.0,0.0,0.0,0.0,0.0,0.0,0.0,0.0,0.0,0.0,0.0,0.0,0.0,0.0,0.0,0.0,0.0,0.0,0.0,0.0,0.0,0.0,0.0,0.0,0.0,99.99000000000001,True
2011-11,76.99,0.55,4.58,1.72,7.02,0.1,0.7,0.86,0.41,0.0,7.04,0.01,0.0,0.0,0.0,0.0,0.0,0.0,0.0,0.0,0.0,0.0,0.0,0.0,0.0,0.0,0.0,0.0,0.0,0.0,0.0,0.0,0.0,0.0,0.0,0.0,0.0,0.0,0.0,0.0,0.0,0.0,0.0,0.0,0.0,0.0,0.0,0.0,0.0,0.0,0.0,99.97999999999999,True
2011-12,76.87,0.45,4.06,1.6,7.85,0.21,0.71,0.8,0.67,0.0,6.78,0.01,0.0,0.0,0.0,0.0,0.0,0.0,0.0,0.0,0.0,0.0,0.0,0.0,0.0,0.0,0.0,0.0,0.0,0.0,0.0,0.0,0.0,0.0,0.0,0.0,0.0,0.0,0.0,0.0,0.0,0.0,0.0,0.0,0.0,0.0,0.0,0.0,0.0,0.0,0.0,100.01000000000002,True
2012-01,77.47,0.36,3.37,1.48,8.42,0.29,0.63,0.8,0.62,0.0,6.56,0.0,0.0,0.0,0.0,0.0,0.0,0.0,0.0,0.0,0.0,0.0,0.0,0.0,0.0,0.0,0.0,0.0,0.0,0.0,0.0,0.0,0.0,0.0,0.0,0.0,0.0,0.0,0.0,0.0,0.0,0.0,0.0,0.0,0.0,0.0,0.0,0.0,0.0,0.0,0.0,100.0,True
2012-02,77.12,0.34,3.14,1.4,9.1,0.21,0.59,0.8,0.63,0.0,6.67,0.0,0.0,0.0,0.0,0.0,0.0,0.0,0.0,0.0,0.0,0.0,0.0,0.0,0.0,0.0,0.0,0.0,0.0,0.0,0.0,0.0,0.0,0.0,0.0,0.0,0.0,0.0,0.0,0.0,0.0,0.0,0.0,0.0,0.0,0.0,0.0,0.0,0.0,0.0,0.0,100.00000000000001,True
2012-03,74.33,0.34,3.07,1.29,9.12,0.23,0.63,0.71,0.59,0.0,6.36,0.01,3.26,0.06,0.0,0.0,0.0,0.0,0.0,0.0,0.0,0.0,0.0,0.0,0.0,0.0,0.0,0.0,0.0,0.0,0.0,0.0,0.0,0.0,0.0,0.0,0.0,0.0,0.0,0.0,0.0,0.0,0.0,0.0,0.0,0.0,0.0,0.0,0.0,0.0,0.0,100.0,True
2012-04,73.77,0.29,2.78,1.25,9.82,0.24,1.17,0.68,0.64,0.0,6.34,0.0,2.51,0.44,0.04,0.0,0.01,0.01,0.0,0.0,0.0,0.0,0.0,0.0,0.0,0.0,0.0,0.0,0.0,0.0,0.0,0.0,0.0,0.0,0.0,0.0,0.0,0.0,0.0,0.0,0.0,0.0,0.0,0.0,0.0,0.0,0.0,0.0,0.0,0.0,0.0,99.99000000000001,True
2012-05,70.62,0.27,2.57,1.25,11.78,0.26,1.15,0.76,0.57,0.0,6.54,0.0,3.28,0.5,0.34,0.0,0.03,0.05,0.03,0.0,0.0,0.0,0.0,0.0,0.0,0.0,0.0,0.0,0.0,0.0,0.0,0.0,0.0,0.0,0.0,0.0,0.0,0.0,0.0,0.0,0.0,0.0,0.0,0.0,0.0,0.0,0.0,0.0,0.0,0.0,0.0,100.0,True
2012-06,70.96,0.27,2.44,1.27,13.22,0.21,1.24,0.74,0.54,0.0,6.66,0.01,1.45,0.5,0.34,0.0,0.04,0.07,0.03,0.0,0.0,0.0,0.0,0.0,0.0,0.0,0.0,0.0,0.0,0.0,0.0,0.0,0.0,0.0,0.0,0.0,0.0,0.0,0.0,0.0,0.0,0.0,0.0,0.0,0.0,0.0,0.0,0.0,0.0,0.0,0.0,99.99000000000001,True
2012-07,69.68,0.24,2.31,1.26,14.54,0.27,1.31,0.72,0.5,0.0,6.73,0.01,1.54,0.48,0.3,0.0,0.05,0.03,0.03,0.0,0.0,0.0,0.0,0.0,0.0,0.0,0.0,0.0,0.0,0.0,0.0,0.0,0.0,0.0,0.0,0.0,0.0,0.0,0.0,0.0,0.0,0.0,0.0,0.0,0.0,0.0,0.0,0.0,0.0,0.0,0.0,100.0,True
2012-08,68.61,0.22,2.1,1.24,15.83,0.29,1.32,0.73,0.5,0.0,6.75,0.01,1.41,0.45,0.28,0.16,0.04,0.02,0.03,0.0,0.0,0.0,0.0,0.0,0.0,0.0,0.0,0.0,0.0,0.0,0.0,0.0,0.0,0.0,0.0,0.0,0.0,0.0,0.0,0.0,0.0,0.0,0.0,0.0,0.0,0.0,0.0,0.0,0.0,0.0,0.0,99.99,True
2012-09,68.67,0.2,1.93,1.27,16.35,0.27,1.29,0.75,0.61,0.0,6.45,0.01,1.27,0.42,0.29,0.12,0.04,0.02,0.04,0.0,0.0,0.0,0.0,0.0,0.0,0.0,0.0,0.0,0.0,0.0,0.0,0.0,0.0,0.0,0.0,0.0,0.0,0.0,0.0,0.0,0.0,0.0,0.0,0.0,0.0,0.0,0.0,0.0,0.0,0.0,0.0,100.00000000000001,True
2012-10,68.43,0.27,1.8,1.29,16.99,0.27,1.23,0.75,0.59,0.0,6.08,0.01,1.38,0.4,0.27,0.1,0.07,0.03,0.03,0.0,0.0,0.0,0.0,0.0,0.0,0.0,0.0,0.0,0.0,0.0,0.0,0.0,0.0,0.0,0.0,0.0,0.0,0.0,0.0,0.0,0.0,0.0,0.0,0.0,0.0,0.0,0.0,0.0,0.0,0.0,0.0,99.99,True
2012-11,68.21,0.19,1.69,1.23,17.56,0.29,1.15,0.78,0.52,0.0,5.94,0.01,1.46,0.43,0.29,0.11,0.09,0.04,0.02,0.0,0.0,0.0,0.0,0.0,0.0,0.0,0.0,0.0,0.0,0.0,0.0,0.0,0.0,0.0,0.0,0.0,0.0,0.0,0.0,0.0,0.0,0.0,0.0,0.0,0.0,0.0,0.0,0.0,0.0,0.0,0.0,100.00999999999999,True
2012-12,67.07,0.15,1.67,1.28,18.61,0.28,1.17,0.87,0.47,0.0,5.85,0.02,1.57,0.44,0.29,0.1,0.09,0.04,0.02,0.0,0.0,0.0,0.0,0.0,0.0,0.0,0.0,0.0,0.0,0.0,0.0,0.0,0.0,0.0,0.0,0.0,0.0,0.0,0.0,0.0,0.0,0.0,0.0,0.0,0.0,0.0,0.0,0.0,0.0,0.0,0.0,99.99,True
2013-01,67.86,0.13,1.59,1.19,18.59,0.32,1.03,0.92,0.44,0.0,5.45,0.03,1.56,0.41,0.28,0.11,0.07,0.0,0.02,0.01,0.0,0.0,0.0,0.0,0.0,0.0,0.0,0.0,0.0,0.0,0.0,0.0,0.0,0.0,0.0,0.0,0.0,0.0,0.0,0.0,0.0,0.0,0.0,0.0,0.0,0.0,0.0,0.0,0.0,0.0,0.0,100.00999999999999,True
2013-02,68.42,0.13,1.44,1.08,18.77,0.22,0.95,0.87,0.41,0.0,5.19,0.03,1.63,0.38,0.29,0.12,0.04,0.0,0.03,0.01,0.0,0.0,0.0,0.0,0.0,0.0,0.0,0.0,0.0,0.0,0.0,0.0,0.0,0.0,0.0,0.0,0.0,0.0,0.0,0.0,0.0,0.0,0.0,0.0,0.0,0.0,0.0,0.0,0.0,0.0,0.0,100.01,True
2013-03,67.98,0.12,1.42,1.08,19.43,0.22,1.06,0.94,0.4,0.0,5.01,0.03,1.49,0.39,0.29,0.06,0.04,0.0,0.02,0.01,0.0,0.0,0.0,0.0,0.0,0.0,0.0,0.0,0.0,0.0,0.0,0.0,0.0,0.0,0.0,0.0,0.0,0.0,0.0,0.0,0.0,0.0,0.0,0.0,0.0,0.0,0.0,0.0,0.0,0.0,0.0,99.99000000000001,True
2013-04,67.83,0.13,1.46,1.11,19.64,0.21,1.06,0.96,0.36,0.0,4.85,0.03,1.57,0.37,0.27,0.05,0.04,0.0,0.01,0.01,0.01,0.0,0.0,0.0,0.0,0.0,0.0,0.0,0.0,0.0,0.0,0.0,0.0,0.0,0.0,0.0,0.0,0.0,0.0,0.0,0.0,0.0,0.0,0.0,0.0,0.0,0.0,0.0,0.0,0.0,0.0,99.97,True
2013-05,67.44,0.16,1.54,1.02,20.1,0.11,1.03,0.91,0.34,0.0,4.87,0.04,1.64,0.4,0.28,0.04,0.04,0.0,0.01,0.01,0.01,0.0,0.0,0.0,0.0,0.0,0.0,0.0,0.0,0.0,0.0,0.0,0.0,0.0,0.0,0.0,0.0,0.0,0.0,0.0,0.0,0.0,0.0,0.0,0.0,0.0,0.0,0.0,0.0,0.0,0.0,99.99000000000001,True
2013-06,67.2,0.17,1.5,0.99,20.57,0.13,1.03,0.87,0.29,0.0,4.74,0.03,1.7,0.41,0.25,0.03,0.04,0.0,0.01,0.01,0.01,0.0,0.0,0.0,0.0,0.0,0.0,0.0,0.0,0.0,0.0,0.0,0.0,0.0,0.0,0.0,0.0,0.0,0.0,0.0,0.0,0.0,0.0,0.0,0.0,0.0,0.0,0.0,0.0,0.0,0.0,99.98000000000002,True
2013-07,66.5,0.17,1.59,0.91,20.97,0.15,1.02,0.88,0.27,0.0,4.8,0.03,1.91,0.44,0.24,0.04,0.06,0.0,0.01,0.01,0.01,0.0,0.0,0.0,0.0,0.0,0.0,0.0,0.0,0.0,0.0,0.0,0.0,0.0,0.0,0.0,0.0,0.0,0.0,0.0,0.0,0.0,0.0,0.0,0.0,0.0,0.0,0.0,0.0,0.0,0.0,100.00999999999999,True
2013-08,66.25,0.19,1.62,0.83,21.29,0.09,1.04,0.85,0.25,0.0,4.75,0.03,1.98,0.45,0.24,0.06,0.06,0.0,0.01,0.01,0.01,0.0,0.0,0.0,0.0,0.0,0.0,0.0,0.0,0.0,0.0,0.0,0.0,0.0,0.0,0.0,0.0,0.0,0.0,0.0,0.0,0.0,0.0,0.0,0.0,0.0,0.0,0.0,0.0,0.0,0.0,100.01,True
2013-09,65.62,0.2,1.67,0.76,21.83,0.09,1.1,0.88,0.22,0.0,4.67,0.04,2.01,0.49,0.22,0.09,0.07,0.0,0.01,0.03,0.01,0.0,0.0,0.0,0.0,0.0,0.0,0.0,0.0,0.0,0.0,0.0,0.0,0.0,0.0,0.0,0.0,0.0,0.0,0.0,0.0,0.0,0.0,0.0,0.0,0.0,0.0,0.0,0.0,0.0,0.0,100.00999999999999,True
2013-10,65.03,0.2,1.81,0.68,22.31,0.09,1.08,0.89,0.22,0.0,4.52,0.03,2.13,0.57,0.26,0.06,0.08,0.0,0.01,0.03,0.02,0.0,0.0,0.0,0.0,0.0,0.0,0.0,0.0,0.0,0.0,0.0,0.0,0.0,0.0,0.0,0.0,0.0,0.0,0.0,0.0,0.0,0.0,0.0,0.0,0.0,0.0,0.0,0.0,0.0,0.0,100.02,True
2013-11,64.55,0.2,1.94,0.61,22.87,0.07,0.98,0.93,0.19,0.0,4.48,0.04,2.02,0.6,0.3,0.06,0.09,0.0,0.01,0.03,0.02,0.0,0.0,0.0,0.0,0.0,0.0,0.0,0.0,0.0,0.0,0.0,0.0,0.0,0.0,0.0,0.0,0.0,0.0,0.0,0.0,0.0,0.0,0.0,0.0,0.0,0.0,0.0,0.0,0.0,0.0,99.99,True
2013-12,64.04,0.23,1.96,0.57,23.05,0.06,0.92,1.06,0.16,0.0,4.48,0.05,2.13,0.75,0.27,0.12,0.09,0.0,0.01,0.03,0.03,0.0,0.0,0.0,0.0,0.0,0.0,0.0,0.0,0.0,0.0,0.0,0.0,0.0,0.0,0.0,0.0,0.0,0.0,0.0,0.0,0.0,0.0,0.0,0.0,0.0,0.0,0.0,0.0,0.0,0.0,100.01,True
2014-01,63.95,0.22,1.81,0.93,23.07,0.04,0.97,1.04,0.16,0.0,4.11,0.02,2.12,0.83,0.24,0.07,0.18,0.12,0.0,0.03,0.03,0.02,0.0,0.0,0.01,0.0,0.0,0.0,0.0,0.0,0.0,0.0,0.0,0.0,0.0,0.0,0.0,0.0,0.0,0.0,0.0,0.0,0.0,0.0,0.0,0.0,0.0,0.0,0.0,0.0,0.0,99.97000000000003,True
2014-02,61.16,0.19,1.75,1.72,25.28,0.05,1.28,0.99,0.16,0.0,3.89,0.03,1.95,0.83,0.22,0.06,0.23,0.12,0.0,0.03,0.03,0.01,0.0,0.0,0.01,0.0,0.0,0.0,0.0,0.0,0.0,0.0,0.0,0.0,0.0,0.0,0.0,0.0,0.0,0.0,0.0,0.0,0.0,0.0,0.0,0.0,0.0,0.0,0.0,0.0,0.0,99.99,True
2014-03,61.06,0.18,1.74,1.85,25.51,0.04,1.32,0.96,0.19,0.0,3.77,0.02,1.94,0.84,0.17,0.05,0.22,0.05,0.0,0.03,0.04,0.01,0.0,0.0,0.01,0.0,0.0,0.0,0.0,0.0,0.0,0.0,0.0,0.0,0.0,0.0,0.0,0.0,0.0,0.0,0.0,0.0,0.0,0.0,0.0,0.0,0.0,0.0,0.0,0.0,0.0,100.0,True
2014-04,60.39,0.17,1.82,1.91,25.21,0.04,1.38,1.0,0.27,0.0,3.69,0.02,2.3,0.94,0.16,0.05,0.45,0.08,0.0,0.03,0.04,0.02,0.0,0.0,0.02,0.0,0.0,0.0,0.0,0.0,0.0,0.0,0.0,0.0,0.0,0.0,0.0,0.0,0.0,0.0,0.0,0.0,0.0,0.0,0.0,0.0,0.0,0.0,0.0,0.0,0.0,99.99000000000001,True
2014-05,59.85,0.16,1.55,2.09,26.87,0.04,1.39,1.02,0.26,0.0,3.78,0.02,1.72,0.86,0.15,0.05,0.07,0.0,0.0,0.04,0.05,0.02,0.0,0.0,0.01,0.0,0.0,0.0,0.0,0.0,0.0,0.0,0.0,0.0,0.0,0.0,0.0,0.0,0.0,0.0,0.0,0.0,0.0,0.0,0.0,0.0,0.0,0.0,0.0,0.0,0.0,100.0,True
2014-06,59.43,0.16,1.68,2.23,27.16,0.04,1.37,1.03,0.27,0.0,3.77,0.02,1.65,0.8,0.13,0.05,0.06,0.0,0.0,0.04,0.05,0.02,0.0,0.0,0.02,0.0,0.0,0.0,0.0,0.0,0.0,0.0,0.0,0.0,0.0,0.0,0.0,0.0,0.0,0.0,0.0,0.0,0.0,0.0,0.0,0.0,0.0,0.0,0.0,0.0,0.0,99.98,True
2014-07,58.48,0.17,1.68,2.33,27.84,0.04,1.43,1.03,0.28,0.0,3.81,0.03,1.67,0.77,0.13,0.04,0.08,0.0,0.0,0.06,0.07,0.02,0.01,0.0,0.02,0.0,0.0,0.0,0.0,0.0,0.0,0.0,0.0,0.0,0.0,0.0,0.0,0.0,0.0,0.0,0.0,0.0,0.0,0.0,0.0,0.0,0.0,0.0,0.0,0.0,0.0,99.99,True
2014-08,57.89,0.16,1.65,2.51,28.29,0.04,1.35,1.08,0.29,0.0,3.86,0.03,1.66,0.73,0.12,0.04,0.08,0.01,0.0,0.08,0.08,0.02,0.02,0.0,0.02,0.0,0.0,0.0,0.0,0.0,0.0,0.0,0.0,0.0,0.0,0.0,0.0,0.0,0.0,0.0,0.0,0.0,0.0,0.0,0.0,0.0,0.0,0.0,0.0,0.0,0.0,100.00999999999999,True
2014-09,57.86,0.14,1.49,2.52,28.47,0.03,1.39,1.13,0.3,0.0,3.84,0.04,1.58,0.74,0.11,0.03,0.08,0.01,0.0,0.09,0.08,0.02,0.03,0.02,0.02,0.0,0.0,0.0,0.0,0.0,0.0,0.0,0.0,0.0,0.0,0.0,0.0,0.0,0.0,0.0,0.0,0.0,0.0,0.0,0.0,0.0,0.0,0.0,0.0,0.0,0.0,100.02,True
2014-10,58.79,0.14,1.52,2.49,27.59,0.03,1.38,1.17,0.34,0.0,3.71,0.04,1.47,0.77,0.11,0.03,0.1,0.01,0.0,0.12,0.08,0.02,0.04,0.04,0.02,0.0,0.0,0.0,0.0,0.0,0.0,0.0,0.0,0.0,0.0,0.0,0.0,0.0,0.0,0.0,0.0,0.0,0.0,0.0,0.0,0.0,0.0,0.0,0.0,0.0,0.0,100.00999999999999,True
2014-11,57.9,0.13,1.54,2.61,28.16,0.05,1.28,1.2,0.38,0.0,3.7,0.05,1.51,0.78,0.12,0.04,0.11,0.02,0.0,0.13,0.11,0.04,0.05,0.06,0.02,0.0,0.0,0.0,0.0,0.0,0.0,0.0,0.0,0.0,0.0,0.0,0.0,0.0,0.0,0.0,0.0,0.0,0.0,0.0,0.0,0.0,0.0,0.0,0.0,0.0,0.0,99.99000000000001,True
2014-12,60.18,0.13,1.51,2.7,26.56,0.05,1.08,1.14,0.37,0.0,3.45,0.05,1.35,0.79,0.1,0.03,0.11,0.03,0.0,0.12,0.09,0.03,0.05,0.07,0.02,0.0,0.0,0.0,0.0,0.0,0.0,0.0,0.0,0.0,0.0,0.0,0.0,0.0,0.0,0.0,0.0,0.0,0.0,0.0,0.0,0.0,0.0,0.0,0.0,0.0,0.0,100.01,True
2015-01,58.9,0.16,1.66,2.66,27.13,0.04,1.1,1.2,0.53,0.0,3.45,0.02,1.39,0.84,0.13,0.04,0.11,0.06,0.0,0.14,0.16,0.05,0.06,0.1,0.02,0.02,0.01,0.0,0.01,0.01,0.0,0.0,0.0,0.0,0.0,0.0,0.0,0.0,0.0,0.0,0.0,0.0,0.0,0.0,0.0,0.0,0.0,0.0,0.0,0.0,0.0,100.00000000000001,True
2015-02,58.82,0.13,1.8,2.75,26.82,0.05,1.11,1.21,0.5,0.0,3.43,0.02,1.39,0.96,0.12,0.04,0.13,0.06,0.0,0.18,0.13,0.05,0.08,0.12,0.03,0.03,0.01,0.0,0.01,0.01,0.0,0.0,0.0,0.0,0.0,0.0,0.0,0.0,0.0,0.0,0.0,0.0,0.0,0.0,0.0,0.0,0.0,0.0,0.0,0.0,0.0,99.99000000000001,True
2015-03,57.89,0.21,1.89,2.81,26.93,0.05,1.2,1.34,0.52,0.0,3.61,0.02,1.45,0.97,0.17,0.03,0.12,0.06,0.0,0.18,0.14,0.05,0.09,0.15,0.03,0.03,0.02,0.02,0.01,0.01,0.0,0.0,0.0,0.0,0.0,0.0,0.0,0.0,0.0,0.0,0.0,0.0,0.0,0.0,0.0,0.0,0.0,0.0,0.0,0.0,0.0,100.0,True
2015-04,53.0,0.51,3.61,3.46,26.69,0.03,1.48,1.45,0.48,0.0,4.96,0.02,1.84,1.06,0.16,0.08,0.15,0.06,0.0,0.16,0.26,0.06,0.08,0.16,0.04,0.08,0.01,0.1,0.01,0.01,0.0,0.0,0.0,0.0,0.0,0.0,0.0,0.0,0.0,0.0,0.0,0.0,0.0,0.0,0.0,0.0,0.0,0.0,0.0,0.0,0.0,100.00999999999999,True
2015-05,53.49,0.34,2.46,3.38,28.3,0.02,1.21,1.41,0.49,0.0,4.41,0.02,1.94,1.1,0.16,0.06,0.14,0.08,0.0,0.27,0.24,0.06,0.09,0.15,0.03,0.07,0.02,0.06,0.01,0.01,0.0,0.0,0.0,0.0,0.0,0.0,0.0,0.0,0.0,0.0,0.0,0.0,0.0,0.0,0.0,0.0,0.0,0.0,0.0,0.0,0.0,100.02000000000001,True
2015-06,57.64,0.15,1.47,2.94,27.21,0.01,1.0,1.21,0.43,0.0,3.43,0.02,2.09,1.15,0.17,0.04,0.13,0.09,0.0,0.23,0.14,0.06,0.11,0.15,0.04,0.04,0.02,0.02,0.01,0.01,0.0,0.0,0.0,0.0,0.0,0.0,0.0,0.0,0.0,0.0,0.0,0.0,0.0,0.0,0.0,0.0,0.0,0.0,0.0,0.0,0.0,100.01,True
2015-07,59.17,0.14,1.49,2.65,26.31,0.01,0.9,1.17,0.45,0.0,2.9,0.02,2.28,1.25,0.2,0.03,0.12,0.12,0.0,0.24,0.15,0.07,0.09,0.14,0.04,0.03,0.02,0.0,0.01,0.01,0.0,0.0,0.0,0.0,0.0,0.0,0.0,0.0,0.0,0.0,0.0,0.0,0.0,0.0,0.0,0.0,0.0,0.0,0.0,0.0,0.0,100.00999999999999,True
2015-08,59.3,0.14,1.32,2.62,26.51,0.02,0.85,1.16,0.44,0.0,2.89,0.02,2.07,1.33,0.2,0.02,0.11,0.1,0.0,0.26,0.14,0.05,0.14,0.14,0.04,0.05,0.03,0.0,0.02,0.02,0.0,0.0,0.0,0.0,0.0,0.0,0.0,0.0,0.0,0.0,0.0,0.0,0.0,0.0,0.0,0.0,0.0,0.0,0.0,0.0,0.0,99.99,True
2015-09,58.57,0.12,1.35,2.6,27.27,0.02,0.83,1.2,0.44,0.0,2.75,0.03,1.87,1.43,0.31,0.02,0.13,0.1,0.0,0.26,0.15,0.05,0.18,0.15,0.04,0.07,0.04,0.0,0.02,0.02,0.0,0.0,0.0,0.0,0.0,0.0,0.0,0.0,0.0,0.0,0.0,0.0,0.0,0.0,0.0,0.0,0.0,0.0,0.0,0.0,0.0,100.02,True
2015-10,57.39,0.14,1.26,2.54,28.49,0.01,0.84,1.21,0.44,0.0,2.83,0.03,1.89,1.44,0.31,0.01,0.12,0.08,0.0,0.29,0.15,0.05,0.16,0.15,0.05,0.06,0.04,0.0,0.02,0.01,0.0,0.0,0.0,0.0,0.0,0.0,0.0,0.0,0.0,0.0,0.0,0.0,0.0,0.0,0.0,0.0,0.0,0.0,0.0,0.0,0.0,100.00999999999999,True
2015-11,59.18,0.12,1.16,2.33,27.51,0.01,0.77,1.12,0.43,0.0,2.62,0.03,1.86,1.44,0.29,0.01,0.1,0.07,0.0,0.25,0.17,0.06,0.15,0.13,0.04,0.05,0.04,0.0,0.03,0.01,0.0,0.0,0.0,0.0,0.0,0.0,0.0,0.0,0.0,0.0,0.0,0.0,0.0,0.0,0.0,0.0,0.0,0.0,0.0,0.0,0.0,99.98,True
2015-12,58.61,0.19,1.18,2.26,27.54,0.01,0.83,1.14,0.44,0.0,2.58,0.03,2.22,1.5,0.31,0.01,0.09,0.08,0.0,0.29,0.19,0.05,0.16,0.14,0.04,0.05,0.04,0.0,0.02,0.01,0.0,0.0,0.0,0.0,0.0,0.0,0.0,0.0,0.0,0.0,0.0,0.0,0.0,0.0,0.0,0.0,0.0,0.0,0.0,0.0,0.0,100.00999999999999,True
2016-01,59.13,0.12,1.08,2.08,27.55,0.01,0.73,1.05,0.43,0.0,2.42,0.04,2.38,1.55,0.31,0.02,0.09,0.06,0.0,0.29,0.18,0.04,0.15,0.12,0.03,0.05,0.04,0.0,0.02,0.0,0.0,0.0,0.0,0.0,0.0,0.0,0.0,0.0,0.0,0.0,0.0,0.0,0.0,0.0,0.0,0.0,0.0,0.0,0.0,0.0,0.0,99.97,True
2016-02,59.56,0.12,1.04,2.02,27.17,0.01,0.72,1.02,0.45,0.0,2.35,0.03,2.37,1.7,0.32,0.03,0.08,0.06,0.0,0.28,0.19,0.04,0.17,0.12,0.04,0.07,0.03,0.0,0.02,0.0,0.0,0.0,0.0,0.0,0.0,0.0,0.0,0.0,0.0,0.0,0.0,0.0,0.0,0.0,0.0,0.0,0.0,0.0,0.0,0.0,0.0,100.00999999999999,True
2016-03,58.76,0.1,0.79,2.22,27.82,0.01,0.66,1.01,0.45,0.0,2.28,0.04,2.28,2.03,0.29,0.03,0.07,0.06,0.0,0.31,0.22,0.04,0.22,0.13,0.03,0.08,0.03,0.0,0.04,0.0,0.0,0.0,0.0,0.0,0.0,0.0,0.0,0.0,0.0,0.0,0.0,0.0,0.0,0.0,0.0,0.0,0.0,0.0,0.0,0.0,0.0,100.0,True
2016-04,56.96,0.13,0.81,2.28,28.92,0.01,0.74,1.05,0.46,0.0,2.3,0.03,2.62,2.02,0.29,0.01,0.07,0.08,0.0,0.31,0.29,0.04,0.24,0.14,0.04,0.07,0.03,0.0,0.03,0.0,0.0,0.0,0.0,0.0,0.0,0.0,0.0,0.0,0.0,0.0,0.0,0.0,0.0,0.0,0.0,0.0,0.0,0.0,0.0,0.0,0.0,99.97,True
2016-05,58.79,0.14,0.8,2.13,26.95,0.02,0.7,1.02,0.46,0.0,2.22,0.04,2.94,2.13,0.31,0.01,0.06,0.08,0.0,0.3,0.33,0.03,0.21,0.13,0.05,0.06,0.04,0.0,0.02,0.0,0.01,0.0,0.0,0.0,0.0,0.0,0.0,0.0,0.0,0.0,0.0,0.0,0.0,0.0,0.0,0.0,0.0,0.0,0.0,0.0,0.0,99.98,True
2016-06,59.41,0.1,0.68,2.05,26.7,0.01,0.68,1.0,0.46,0.0,2.16,0.05,2.94,2.07,0.35,0.01,0.06,0.07,0.0,0.3,0.35,0.03,0.2,0.13,0.05,0.06,0.04,0.0,0.02,0.0,0.01,0.0,0.0,0.0,0.0,0.0,0.0,0.0,0.0,0.0,0.0,0.0,0.0,0.0,0.0,0.0,0.0,0.0,0.0,0.0,0.0,99.99000000000001,True
2016-07,57.91,0.09,0.65,2.03,27.25,0.01,0.67,1.0,0.49,0.0,2.2,0.05,3.27,2.39,0.43,0.01,0.06,0.06,0.0,0.32,0.51,0.03,0.2,0.13,0.08,0.06,0.04,0.0,0.02,0.0,0.03,0.0,0.0,0.0,0.0,0.0,0.0,0.0,0.0,0.0,0.0,0.0,0.0,0.0,0.0,0.0,0.0,0.0,0.0,0.0,0.0,99.99,True
2016-08,57.34,0.09,0.68,1.92,27.02,0.01,0.68,1.08,0.49,0.0,2.12,0.07,3.63,2.66,0.52,0.01,0.05,0.07,0.0,0.33,0.57,0.03,0.2,0.13,0.12,0.06,0.03,0.0,0.02,0.0,0.07,0.0,0.0,0.0,0.0,0.0,0.0,0.0,0.0,0.0,0.0,0.0,0.0,0.0,0.0,0.0,0.0,0.0,0.0,0.0,0.0,100.0,True
2016-09,56.59,0.08,0.63,1.84,26.38,0.01,0.65,1.0,0.59,0.0,2.15,0.08,4.8,2.72,0.62,0.01,0.05,0.05,0.0,0.33,0.67,0.03,0.22,0.13,0.2,0.06,0.03,0.0,0.02,0.0,0.06,0.0,0.0,0.0,0.0,0.0,0.0,0.0,0.0,0.0,0.0,0.0,0.0,0.0,0.0,0.0,0.0,0.0,0.0,0.0,0.0,100.0,True
2016-10,56.17,0.06,0.97,1.67,25.46,0.01,0.64,0.78,0.47,0.0,1.96,0.05,6.7,2.89,0.66,0.01,0.04,0.05,0.0,0.29,0.37,0.02,0.17,0.11,0.1,0.23,0.07,0.0,0.04,0.0,0.0,0.0,0.0,0.0,0.0,0.0,0.0,0.0,0.0,0.0,0.0,0.0,0.0,0.0,0.0,0.0,0.0,0.0,0.0,0.0,0.0,99.99000000000001,True
2016-11,56.19,0.06,0.92,1.65,26.72,0.01,0.78,0.74,0.46,0.0,1.81,0.09,4.63,3.07,0.68,0.01,0.13,0.06,0.0,0.46,0.38,0.02,0.17,0.14,0.1,0.59,0.05,0.0,0.05,0.0,0.0,0.0,0.0,0.0,0.0,0.0,0.0,0.0,0.0,0.0,0.0,0.0,0.0,0.0,0.0,0.0,0.0,0.0,0.0,0.0,0.0,99.97,True
2016-12,55.94,0.06,0.85,1.77,26.83,0.02,0.88,0.77,0.49,0.0,1.78,0.14,3.95,3.16,0.77,0.01,0.19,0.07,0.0,0.5,0.39,0.02,0.2,0.16,0.1,0.83,0.05,0.0,0.06,0.0,0.0,0.0,0.0,0.0,0.0,0.0,0.0,0.0,0.0,0.0,0.0,0.0,0.0,0.0,0.0,0.0,0.0,0.0,0.0,0.0,0.0,99.99,True
2017-01,56.17,0.05,0.76,1.69,26.68,0.02,0.91,0.71,0.55,0.0,1.75,0.07,3.64,3.33,0.79,0.0,0.16,0.06,0.0,0.52,0.42,0.02,0.18,0.17,0.1,1.01,0.05,0.0,0.08,0.01,0.0,0.0,0.0,0.02,0.03,0.01,0.02,0.01,0.01,0.01,0.01,0.0,0.0,0.0,0.0,0.0,0.0,0.0,0.0,0.0,0.0,100.01999999999998,True
2017-02,57.44,0.05,0.63,1.67,25.99,0.01,0.92,0.69,0.57,0.0,1.72,0.09,2.69,3.51,0.91,0.0,0.15,0.07,0.0,0.57,0.39,0.02,0.19,0.19,0.06,1.15,0.05,0.0,0.07,0.01,0.0,0.05,0.01,0.02,0.02,0.02,0.02,0.01,0.01,0.01,0.01,0.0,0.0,0.0,0.0,0.0,0.0,0.0,0.0,0.0,0.0,99.99,True
2017-03,58.04,0.04,0.72,1.56,25.07,0.01,0.88,0.63,0.54,0.0,1.61,0.09,2.82,3.65,0.94,0.0,0.15,0.07,0.0,0.63,0.42,0.02,0.2,0.2,0.06,1.24,0.05,0.0,0.11,0.01,0.0,0.08,0.01,0.02,0.02,0.02,0.02,0.01,0.01,0.01,0.01,0.0,0.0,0.0,0.0,0.0,0.0,0.0,0.0,0.0,0.0,99.97,True
2017-04,57.26,0.04,1.53,1.52,24.46,0.01,0.89,0.64,0.56,0.0,1.6,0.09,2.92,3.74,1.01,0.0,0.15,0.08,0.0,0.67,0.46,0.02,0.18,0.21,0.07,1.42,0.05,0.0,0.14,0.01,0.0,0.1,0.02,0.03,0.02,0.02,0.02,0.01,0.01,0.02,0.01,0.0,0.0,0.0,0.0,0.0,0.0,0.0,0.0,0.0,0.0,99.99000000000001,True
2017-05,55.63,0.04,3.98,1.41,23.35,0.01,0.82,0.61,0.57,0.0,1.49,0.1,3.25,3.77,1.03,0.0,0.15,0.08,0.0,0.74,0.48,0.02,0.2,0.21,0.08,1.51,0.05,0.0,0.14,0.01,0.0,0.1,0.03,0.03,0.02,0.02,0.02,0.01,0.01,0.01,0.01,0.0,0.0,0.0,0.0,0.0,0.0,0.0,0.0,0.0,0.0,99.99000000000001,True
2017-06,55.71,0.04,0.76,1.51,25.73,0.03,0.89,0.65,0.6,0.0,1.59,0.1,2.95,3.97,1.19,0.0,0.22,0.09,0.0,0.73,0.45,0.02,0.24,0.22,0.08,1.71,0.06,0.0,0.13,0.01,0.0,0.15,0.03,0.04,0.02,0.02,0.02,0.02,0.01,0.01,0.01,0.0,0.0,0.0,0.0,0.0,0.0,0.0,0.0,0.0,0.0,100.00999999999999,True
2017-07,54.9,0.03,0.48,1.5,26.14,0.01,0.91,0.68,0.63,0.0,1.62,0.1,3.11,4.13,1.18,0.0,0.21,0.08,0.0,0.81,0.49,0.02,0.21,0.23,0.09,1.87,0.06,0.0,0.15,0.01,0.0,0.16,0.05,0.05,0.02,0.02,0.02,0.01,0.02,0.01,0.01,0.0,0.0,0.0,0.0,0.0,0.0,0.0,0.0,0.0,0.0,100.02,True
2017-08,55.51,0.04,0.45,1.46,25.55,0.01,0.89,0.66,0.62,0.0,1.47,0.11,3.12,4.19,1.11,0.0,0.2,0.08,0.0,0.83,0.48,0.01,0.22,0.22,0.07,2.02,0.06,0.0,0.18,0.01,0.0,0.17,0.06,0.05,0.03,0.02,0.02,0.01,0.02,0.01,0.01,0.0,0.0,0.0,0.0,0.0,0.0,0.0,0.0,0.0,0.0,99.97,True
2017-09,55.41,0.05,0.45,1.38,24.93,0.01,0.84,0.67,0.68,0.0,1.4,0.11,3.78,4.26,1.08,0.0,0.21,0.09,0.0,0.84,0.51,0.01,0.21,0.22,0.09,2.08,0.06,0.0,0.18,0.02,0.0,0.19,0.05,0.06,0.03,0.03,0.02,0.02,0.02,0.02,0.01,0.0,0.0,0.0,0.0,0.0,0.0,0.0,0.0,0.0,0.0,100.02,True
2017-10,56.11,0.04,0.45,1.4,25.04,0.01,0.86,0.62,0.69,0.0,1.35,0.1,3.48,4.13,1.0,0.0,0.17,0.07,0.0,0.81,0.45,0.01,0.19,0.28,0.07,2.04,0.05,0.0,0.17,0.01,0.0,0.15,0.07,0.05,0.02,0.02,0.02,0.02,0.02,0.01,0.01,0.0,0.0,0.0,0.0,0.0,0.0,0.0,0.0,0.0,0.0,99.99000000000001,True
2017-11,56.91,0.04,0.47,1.42,23.73,0.01,0.9,0.59,0.7,0.0,1.31,0.11,3.3,4.53,0.99,0.0,0.16,0.06,0.0,0.91,0.46,0.01,0.19,0.29,0.06,2.2,0.04,0.0,0.14,0.01,0.0,0.17,0.09,0.05,0.02,0.02,0.02,0.02,0.01,0.02,0.01,0.0,0.0,0.0,0.0,0.0,0.0,0.0,0.0,0.0,0.0,99.97,True
2017-12,55.42,0.03,0.53,1.42,23.86,0.01,0.97,0.61,0.71,0.0,1.32,0.13,3.88,4.77,1.04,0.0,0.2,0.07,0.0,0.95,0.56,0.01,0.19,0.23,0.07,2.29,0.05,0.0,0.16,0.02,0.0,0.17,0.12,0.06,0.02,0.03,0.02,0.03,0.01,0.02,0.01,0.0,0.0,0.0,0.0,0.0,0.0,0.0,0.0,0.0,0.0,99.99000000000001,True
2018-01,55.48,0.03,0.5,1.31,22.8,0.0,1.0,0.57,0.72,0.0,1.2,0.1,4.51,5.18,0.96,0.0,0.34,0.07,0.0,1.03,0.55,0.0,0.18,0.19,0.06,2.43,0.05,0.0,0.17,0.0,0.0,0.16,0.15,0.07,0.02,0.03,0.02,0.02,0.02,0.03,0.01,0.0,0.02,0.02,0.02,0.01,0.0,0.0,0.0,0.0,0.0,100.03,True
2018-02,55.59,0.04,0.55,1.29,23.09,0.0,1.05,0.59,0.75,0.0,1.2,0.12,3.54,5.46,1.04,0.0,0.18,0.06,0.0,1.07,0.61,0.0,0.18,0.14,0.08,2.53,0.04,0.0,0.14,0.0,0.0,0.2,0.14,0.09,0.02,0.04,0.01,0.02,0.02,0.03,0.01,0.0,0.03,0.02,0.02,0.01,0.0,0.0,0.0,0.0,0.0,100.0,True
2018-03,55.62,0.04,0.56,1.22,22.23,0.0,1.08,0.55,0.7,0.0,1.15,0.11,4.42,5.65,0.93,0.0,0.19,0.04,0.0,1.15,0.51,0.0,0.17,0.13,0.11,2.48,0.05,0.0,0.15,0.0,0.0,0.29,0.16,0.11,0.02,0.03,0.01,0.01,0.01,0.02,0.02,0.0,0.04,0.02,0.01,0.01,0.0,0.0,0.0,0.0,0.0,100.0,True
2018-04,53.9,0.03,0.69,1.19,22.27,0.0,1.18,0.59,0.76,0.0,1.05,0.12,4.63,5.99,0.94,0.0,0.17,0.04,0.0,1.3,0.53,0.0,0.18,0.14,0.13,2.76,0.06,0.0,0.17,0.0,0.0,0.37,0.21,0.16,0.03,0.04,0.01,0.03,0.02,0.02,0.02,0.12,0.08,0.04,0.02,0.02,0.0,0.0,0.0,0.0,0.0,100.01,True
2018-05,53.33,0.03,0.68,1.18,22.67,0.0,1.16,0.56,0.73,0.0,1.01,0.12,4.94,5.65,0.93,0.0,0.22,0.04,0.0,1.32,0.52,0.0,0.16,0.14,0.14,2.88,0.06,0.0,0.13,0.0,0.0,0.43,0.2,0.19,0.03,0.05,0.01,0.04,0.01,0.02,0.02,0.19,0.1,0.04,0.03,0.02,0.0,0.0,0.0,0.0,0.0,99.98,True
2018-06,51.81,0.03,0.72,1.18,23.64,0.0,1.28,0.56,0.75,0.0,0.97,0.12,5.19,5.57,0.98,0.0,0.26,0.04,0.0,1.31,0.53,0.0,0.17,0.14,0.12,3.03,0.05,0.0,0.14,0.0,0.0,0.42,0.22,0.2,0.03,0.05,0.01,0.04,0.01,0.03,0.02,0.19,0.1,0.04,0.04,0.02,0.0,0.0,0.0,0.0,0.0,100.01000000000002,True
2018-07,53.5,0.03,0.64,1.15,23.48,0.0,1.26,0.56,0.78,0.0,0.99,0.11,4.01,5.44,0.82,0.0,0.24,0.05,0.0,1.32,0.53,0.0,0.15,0.13,0.1,3.23,0.05,0.0,0.14,0.0,0.0,0.3,0.25,0.16,0.03,0.04,0.02,0.03,0.01,0.04,0.02,0.2,0.08,0.03,0.03,0.02,0.0,0.0,0.0,0.0,0.0,99.97,True
2018-08,58.27,0.02,0.48,1.05,21.81,0.0,1.3,0.56,0.68,0.0,0.94,0.09,1.69,5.82,0.69,0.0,0.24,0.03,0.0,1.29,0.4,0.0,0.15,0.33,0.02,3.2,0.03,0.0,0.15,0.0,0.0,0.05,0.27,0.03,0.0,0.01,0.02,0.0,0.02,0.02,0.01,0.21,0.02,0.04,0.03,0.01,0.0,0.0,0.0,0.0,0.0,99.98,True
2018-09,57.69,0.02,0.47,1.1,21.99,0.0,1.36,0.57,0.65,0.0,0.88,0.1,1.04,6.07,0.7,0.0,0.84,0.04,0.0,1.35,0.43,0.0,0.14,0.45,0.01,3.38,0.03,0.0,0.13,0.0,0.0,0.0,0.24,0.01,0.0,0.0,0.02,0.0,0.01,0.02,0.01,0.19,0.0,0.04,0.03,0.0,0.0,0.0,0.0,0.0,0.0,100.00999999999999,True
2018-10,61.26,0.02,0.43,0.93,20.27,0.0,1.33,0.53,0.65,0.0,0.8,0.08,0.97,5.37,0.59,0.0,0.88,0.03,0.0,1.24,0.42,0.0,0.13,0.41,0.01,3.01,0.02,0.0,0.1,0.0,0.0,0.0,0.24,0.0,0.0,0.0,0.01,0.0,0.01,0.02,0.01,0.15,0.0,0.03,0.03,0.0,0.0,0.0,0.0,0.0,0.0,99.97999999999999,True
2018-11,66.29,0.01,0.39,0.57,17.61,0.0,1.47,0.58,0.7,0.0,0.82,0.06,1.02,4.31,0.66,0.0,0.4,0.02,0.0,1.35,0.44,0.0,0.07,0.3,0.01,2.29,0.01,0.0,0.11,0.0,0.0,0.0,0.33,0.01,0.0,0.0,0.01,0.0,0.0,0.01,0.01,0.07,0.0,0.01,0.03,0.0,0.0,0.0,0.0,0.0,0.0,99.97000000000003,True
2018-12,60.27,0.01,0.39,0.69,21.89,0.0,1.58,0.55,0.68,0.0,0.79,0.06,0.93,5.33,0.56,0.0,0.2,0.02,0.0,1.52,0.42,0.0,0.07,0.46,0.01,3.06,0.01,0.0,0.08,0.0,0.0,0.0,0.31,0.01,0.0,0.0,0.0,0.0,0.0,0.02,0.01,0.04,0.0,0.01,0.02,0.0,0.0,0.0,0.0,0.0,0.0,100.0,True
2019-01,58.69,0.01,0.47,0.6,24.43,0.0,1.64,0.5,0.64,0.0,0.68,0.08,0.89,5.01,0.52,0.0,0.15,0.02,0.0,1.36,0.4,0.0,0.06,0.45,0.0,2.96,0.01,0.0,0.06,0.0,0.0,0.0,0.28,0.0,0.0,0.0,0.0,0.0,0.0,0.01,0.0,0.04,0.0,0.01,0.02,0.0,0.0,0.0,0.0,0.0,0.0,99.99,True
2019-02,59.03,0.01,0.48,0.55,23.88,0.0,1.68,0.5,0.61,0.0,0.63,0.07,0.94,5.11,0.52,0.0,0.16,0.02,0.0,1.45,0.41,0.0,0.06,0.48,0.0,2.99,0.01,0.0,0.06,0.0,0.0,0.0,0.28,0.0,0.0,0.0,0.0,0.0,0.0,0.01,0.0,0.03,0.0,0.01,0.02,0.0,0.0,0.0,0.0,0.0,0.0,100.0,True
2019-03,56.95,0.02,0.59,0.82,23.75,0.0,1.62,0.49,0.6,0.0,0.6,0.12,1.04,5.87,0.46,0.0,0.28,0.03,0.0,1.49,0.39,0.0,0.14,0.57,0.0,3.63,0.02,0.0,0.09,0.0,0.0,0.0,0.28,0.0,0.0,0.0,0.0,0.0,0.0,0.01,0.0,0.11,0.0,0.02,0.02,0.0,0.0,0.0,0.0,0.0,0.0,100.01,True
2019-04,56.33,0.02,0.63,0.81,23.58,0.0,1.75,0.49,0.59,0.0,0.56,0.12,1.16,6.4,0.42,0.0,0.42,0.03,0.0,1.47,0.41,0.0,0.12,0.59,0.0,3.6,0.02,0.0,0.08,0.0,0.0,0.0,0.27,0.0,0.0,0.0,0.0,0.0,0.0,0.01,0.0,0.09,0.0,0.02,0.0,0.0,0.0,0.0,0.0,0.0,0.0,99.99000000000001,True
2019-05,57.77,0.02,0.68,0.72,22.6,0.0,1.57,0.45,0.55,0.0,0.5,0.11,1.11,6.81,0.39,0.0,0.27,0.03,0.0,1.46,0.36,0.0,0.11,0.54,0.0,3.51,0.02,0.0,0.07,0.0,0.0,0.0,0.25,0.0,0.0,0.0,0.0,0.0,0.0,0.01,0.0,0.08,0.0,0.02,0.01,0.0,0.0,0.0,0.0,0.0,0.0,100.02000000000001,True
2019-06,56.79,0.02,0.73,0.69,23.2,0.0,1.7,0.46,0.53,0.0,0.47,0.1,1.2,6.96,0.37,0.0,0.21,0.03,0.0,1.52,0.39,0.0,0.11,0.56,0.0,3.5,0.02,0.0,0.06,0.0,0.0,0.0,0.25,0.0,0.0,0.0,0.0,0.0,0.0,0.01,0.0,0.08,0.0,0.02,0.02,0.0,0.0,0.0,0.0,0.0,0.0,100.0,True
2019-07,55.82,0.01,0.7,0.68,23.72,0.0,1.71,0.48,0.54,0.0,0.49,0.1,1.45,7.07,0.37,0.0,0.2,0.04,0.0,1.52,0.44,0.0,0.11,0.55,0.0,3.48,0.02,0.0,0.07,0.0,0.0,0.0,0.29,0.0,0.0,0.0,0.0,0.0,0.0,0.01,0.0,0.07,0.0,0.02,0.02,0.0,0.0,0.0,0.0,0.0,0.0,99.97999999999999,True
2019-08,55.97,0.01,0.74,0.62,22.87,0.0,1.66,0.47,0.54,0.0,0.47,0.11,1.01,7.68,0.37,0.0,0.18,0.03,0.0,1.75,0.45,0.0,0.11,0.61,0.0,3.79,0.02,0.0,0.07,0.0,0.0,0.0,0.29,0.0,0.0,0.0,0.0,0.0,0.0,0.01,0.0,0.07,0.0,0.03,0.02,0.0,0.03,0.0,0.0,0.0,0.0,99.97999999999999,True
2019-09,55.09,0.01,0.78,0.59,22.35,0.0,1.65,0.45,0.53,0.0,0.41,0.1,1.01,9.56,0.33,0.0,0.15,0.03,0.0,1.67,0.39,0.0,0.11,0.61,0.0,3.68,0.02,0.0,0.06,0.0,0.0,0.0,0.25,0.0,0.0,0.0,0.0,0.0,0.0,0.01,0.0,0.06,0.0,0.03,0.03,0.0,0.03,0.0,0.0,0.0,0.0,99.99000000000001,True
2019-10,51.25,0.01,0.68,0.6,25.66,0.0,1.9,0.45,0.52,0.0,0.4,0.11,1.36,9.41,0.33,0.0,0.19,0.03,0.0,1.57,0.4,0.0,0.19,0.66,0.0,3.78,0.01,0.0,0.06,0.0,0.0,0.0,0.25,0.0,0.0,0.0,0.0,0.0,0.0,0.01,0.0,0.06,0.0,0.02,0.02,0.0,0.04,0.0,0.0,0.0,0.0,99.97,True
2019-11,52.5,0.01,0.6,0.53,25.22,0.0,1.91,0.42,0.5,0.0,0.35,0.14,1.17,9.36,0.27,0.0,0.17,0.02,0.0,1.54,0.37,0.0,0.13,0.63,0.0,3.68,0.01,0.0,0.05,0.0,0.0,0.0,0.26,0.0,0.0,0.0,0.0,0.0,0.0,0.01,0.0,0.05,0.0,0.02,0.02,0.0,0.04,0.0,0.0,0.0,0.0,99.97999999999999,True
2019-12,53.26,0.01,0.63,0.54,24.93,0.0,1.92,0.42,0.5,0.0,0.36,0.14,1.02,9.09,0.26,0.0,0.11,0.02,0.0,1.52,0.36,0.0,0.11,0.63,0.0,3.68,0.02,0.0,0.05,0.0,0.0,0.0,0.28,0.0,0.0,0.0,0.0,0.0,0.0,0.02,0.0,0.04,0.0,0.02,0.03,0.0,0.04,0.0,0.0,0.0,0.0,100.00999999999999,True
2020-01,53.95,0.0,0.62,0.5,24.47,0.0,1.91,0.41,0.49,0.0,0.32,0.09,0.95,9.2,0.2,0.0,0.08,0.02,0.0,1.51,0.34,0.0,0.1,0.63,0.0,3.68,0.01,0.0,0.04,0.0,0.0,0.0,0.25,0.0,0.0,0.0,0.0,0.0,0.0,0.02,0.0,0.04,0.0,0.01,0.03,0.0,0.05,0.05,0.04,0.0,0.0,100.01,True
2020-02,54.05,0.0,0.57,0.44,24.03,0.0,1.9,0.4,0.46,0.0,0.31,0.08,0.82,9.76,0.18,0.0,0.07,0.02,0.0,1.58,0.3,0.0,0.1,0.63,0.0,3.73,0.01,0.0,0.04,0.0,0.0,0.0,0.27,0.0,0.0,0.0,0.0,0.0,0.0,0.01,0.0,0.03,0.0,0.02,0.03,0.0,0.05,0.07,0.04,0.0,0.0,100.00000000000001,True
2020-03,53.98,0.0,0.56,0.41,24.14,0.0,1.94,0.39,0.44,0.0,0.3,0.07,0.8,9.78,0.16,0.0,0.06,0.03,0.0,1.53,0.3,0.0,0.1,0.61,0.0,3.81,0.02,0.0,0.04,0.0,0.0,0.0,0.27,0.0,0.0,0.0,0.0,0.0,0.0,0.01,0.0,0.03,0.0,0.01,0.02,0.0,0.05,0.08,0.03,0.03,0.03,100.03,True
2020-04,53.93,0.0,0.57,0.39,25.31,0.0,2.04,0.38,0.42,0.0,0.29,0.07,0.74,8.78,0.14,0.0,0.05,0.03,0.0,1.41,0.32,0.0,0.1,0.59,0.0,3.85,0.01,0.0,0.04,0.0,0.0,0.0,0.26,0.0,0.0,0.0,0.0,0.0,0.0,0.01,0.0,0.03,0.0,0.01,0.01,0.0,0.05,0.08,0.03,0.02,0.03,99.99,True
2020-05,52.47,0.0,0.64,0.39,24.79,0.0,1.88,0.43,0.49,0.0,0.31,0.08,0.81,9.98,0.16,0.0,0.06,0.03,0.0,1.55,0.42,0.0,0.12,0.66,0.0,4.06,0.01,0.0,0.05,0.0,0.0,0.0,0.31,0.0,0.0,0.0,0.0,0.0,0.0,0.0,0.0,0.03,0.0,0.01,0.0,0.0,0.06,0.09,0.04,0.03,0.02,99.98,True
2020-06,51.52,0.0,0.68,0.39,25.08,0.0,1.93,0.44,0.5,0.0,0.28,0.08,0.84,10.46,0.13,0.0,0.05,0.03,0.0,1.57,0.4,0.0,0.11,0.66,0.0,4.19,0.01,0.0,0.05,0.0,0.0,0.0,0.31,0.0,0.0,0.0,0.0,0.0,0.0,0.0,0.0,0.03,0.0,0.01,0.01,0.0,0.06,0.09,0.04,0.02,0.02,99.99000000000001,True
2020-07,52.4,0.0,0.67,0.35,24.21,0.0,1.83,0.43,0.51,0.0,0.24,0.08,0.88,10.76,0.12,0.0,0.04,0.03,0.0,1.56,0.4,0.0,0.11,0.61,0.0,4.11,0.01,0.0,0.04,0.0,0.0,0.0,0.34,0.0,0.0,0.0,0.0,0.0,0.0,0.01,0.0,0.02,0.0,0.01,0.01,0.0,0.06,0.09,0.04,0.02,0.01,100.00000000000001,True
2020-08,52.84,0.0,0.67,0.34,24.45,0.0,1.7,0.41,0.48,0.0,0.22,0.08,0.94,10.3,0.11,0.0,0.03,0.02,0.0,1.53,0.41,0.0,0.09,0.61,0.0,4.04,0.01,0.0,0.04,0.0,0.0,0.0,0.37,0.0,0.0,0.0,0.0,0.0,0.0,0.0,0.0,0.02,0.0,0.01,0.01,0.0,0.06,0.11,0.04,0.02,0.01,99.97000000000001,True
2020-09,52.79,0.0,0.68,0.34,24.46,0.0,1.73,0.42,0.48,0.0,0.21,0.08,0.89,10.05,0.1,0.0,0.03,0.02,0.0,1.56,0.4,0.0,0.08,0.62,0.0,4.25,0.01,0.0,0.04,0.0,0.0,0.0,0.4,0.0,0.0,0.0,0.0,0.0,0.0,0.01,0.0,0.02,0.0,0.01,0.01,0.0,0.05,0.18,0.04,0.02,0.01,99.99,True
